<?xml version="1.0" encoding="UTF-8"?>
<metadata>
	<idinfo>
		<citation>
			<citeinfo>
				<origin>Survey Department of Ghana</origin>
				<pubdate>Unknown</pubdate>
				<title Sync="TRUE">District_Boundary</title>
				<geoform Sync="TRUE">vector digital data</geoform>
				<onlink>http://www.cersgis.org/product&amp;services.html</onlink>
				<ftname Sync="TRUE">District_Boundary</ftname></citeinfo>
		</citation>
		<descript>
			<abstract>This feature contains boundaries of the 170 districts in Ghana. These are GIS polygon features covering the entire country as per current Survey Department's  information.</abstract>
			<purpose>To delineate the boundaries of the 170 districts across the country</purpose>
			<langdata>English</langdata></descript>
		<timeperd>
			<timeinfo>
				<sngdate>
					<caldate>unknown</caldate>
					<time>unknown</time>
				</sngdate>
			</timeinfo>
			<current>ground condition</current>
		</timeperd>
		<status>
			<progress>Complete</progress>
			<update>As needed</update>
		</status>
		<spdom>
			<bounding>
				<westbc Sync="TRUE">-3.265401</westbc>
				<eastbc Sync="TRUE">1.254518</eastbc>
				<northbc Sync="TRUE">11.185852</northbc>
				<southbc Sync="TRUE">4.726739</southbc>
			</bounding>
			<lboundng><leftbc Sync="TRUE">471024.728674</leftbc><rightbc Sync="TRUE">964932.488923</rightbc><bottombc Sync="TRUE">523860.919122</bottombc><topbc Sync="TRUE">1236529.329463</topbc></lboundng></spdom>
		<keywords>
			<theme>
				<themekt>None</themekt>
				<themekey>CERSGIS Data</themekey>
			</theme>
		</keywords>
		<accconst>Public access: Access to modify this data is restricted to CERSGIS</accconst>
		<useconst>
For all data contained herein, (CERSGIS) makes no representations of any kind, including, but not limited to, the warranties of merchantability or fitness for a particular use, nor are any such warranties to be implied with respect to the digital data layers furnished hereunder. CERSGIS assumes no responsibility to maintain them in any manner or form.

Terms of Agreement:
1. Digital data received from the CERSGIS are to be used solely for internal purposes in the conduct of daily affairs.

2. The data are provided, as is, without warranty of any kind and the user is responsible for understanding the accuracy limitations of all digital data layers provided herein, as documented in the accompanying Data Dictionary and Readme files. Any reproduction or manipulation of the above data must ensure that the coordinate reference system remains intact.

3. Digital data received from the CERSGIS may not be reproduced or redistributed for use by anyone without first obtaining written permission from the CERSGIS. This clause is not intended to restrict distribution of printed mapped information produced from the digital data.

4. Any maps, publications, reports, or other documents produced as a result of this project that utilize CERSGIS digital data will credit the CERSGIS Geographic as the source of the data with the following credit/disclaimer:

"This (map/publication/report) was developed using CERSGISdigital data, but this secondary product has not been verified by CERSGIS and is not state-authorized."

5. Users shall require any independent contractor, hired to undertake work that will utilize digital data obtained from the CERSGIS, to agree not to use, reproduce, or redistribute CERSGIS GIS data for any purpose other than the specified contractual work. All copies of CERSGIS GIS data utilized by an independent contractor will be required to be returned to the original user at the close of such contractual work. Users hereby agree to abide by the use and reproduction conditions specified above and agree to hold any independent contractor to the same terms. By using data provided herein, the user acknowledges that terms and conditions have been read and that the user is bound by these criteria.
</useconst>
		<ptcontac>
			<cntinfo>
				<cntperp>
					<cntper>Eric Kofi Forson</cntper>
					<cntorg>CERSGIS</cntorg>
				</cntperp>
				<cntpos>Applications Specialist</cntpos>
				<cntaddr>
					<addrtype>mailing and physical address</addrtype>
					<address>PMB L17, University of Ghana, Legon.</address>
					<city>Accra</city>
					<country>Ghana</country>
				</cntaddr>
				<cntvoice>+233-302-500301/ +233-302-501796</cntvoice>
				<cntfax>+233-302-500310</cntfax>
				<cntemail>erickforson@yahoo.com</cntemail>
				<hours>8:30am - 5:00pm</hours>
			</cntinfo>
		</ptcontac>
		<browse></browse>
		<datacred>This data is credited to the Survey Department of Ghana</datacred>
		<secinfo>
			<secclass>Unclassified</secclass>
		</secinfo>
		<native Sync="TRUE">Microsoft Windows XP Version 5.1 (Build 2600) Service Pack 3; ESRI ArcCatalog 9.3.0.1770</native>
		<crossref>
			<citeinfo>
				<origin>Survey Department of Ghana</origin>
				<pubdate>Unknown</pubdate>
				<title>District Boundaries</title>
				<geoform>vector digital data</geoform>
			</citeinfo>
		</crossref>
		<natvform Sync="TRUE">Shapefile</natvform></idinfo>
	<dataqual>
		<attracc>
			<attraccr>Attributes taken from the digital data are thoroughly checked by CERSGIS Staff.</attraccr>
		</attracc>
		<logic>Topological checks were conducted to maintain the relationship between adjoining boundaries of each district.</logic>
		<lineage>
			<srcinfo>
				<srccite>
					<citeinfo>
						<origin>Survey Department of Ghana</origin>
						<title>District Boundary</title>
						<onlink>http://www.cersgis.org/product&amp;services.html</onlink>
					</citeinfo>
				</srccite>
				<srctime>
					<timeinfo>
						<sngdate>
							<caldate>unknown</caldate>
						</sngdate>
					</timeinfo>
					<srccurr>ground condition</srccurr>
				</srctime>
			</srcinfo>
			<procstep>
				<procdesc>These district boundaries were tracked using a GPS. It was converted to a shapfile, attribute fields were created and populated with their respective attributes</procdesc>
				<procdate>2011-09-01</procdate>
				<proccont>
					<cntinfo>
						<cntperp>
							<cntper>Eric Kofi Forson</cntper>
							<cntorg>CERSGIS</cntorg>
						</cntperp>
						<cntpos>Applications Specialist</cntpos>
						<cntaddr>
							<addrtype>mailing and physical address</addrtype>
							<address>CERSGIS, PMB L17, University of Ghana, Legon</address>
							<city>Accra</city>
							<state>Greater Accra</state>
							<country>Ghana</country>
						</cntaddr>
						<cntvoice>+233-302-500301/+233-302-501796</cntvoice>
						<cntfax>+233-302-500310</cntfax>
						<cntemail>erickforson@yahoo.com</cntemail>
						<hours>8:00am to 5:00pm</hours>
					</cntinfo>
				</proccont>
			</procstep>
			<procstep><procdesc Sync="TRUE">Metadata imported.</procdesc><srcused Sync="TRUE">C:\Users\hbaffoe\AppData\Local\Temp\xml863D.tmp</srcused><procdate Sync="TRUE">20111201</procdate><proctime Sync="TRUE">10332500</proctime></procstep><procstep><procdesc Sync="TRUE">Dataset copied.</procdesc><srcused Sync="TRUE">C:\ELECTORAL_COMMISSION\Shapefiles\ADMINISTRATIVE BOUNDARIES\District_Boundary</srcused><procdate Sync="TRUE">20120302</procdate><proctime Sync="TRUE">08393800</proctime></procstep></lineage>
	</dataqual>
	<spdoinfo>
		<direct Sync="TRUE">Vector</direct>
		<ptvctinf><esriterm Name="Ghana2012_const_bnd"><efeatyp Sync="TRUE">Simple</efeatyp><efeageom code="4" Sync="TRUE"></efeageom><esritopo Sync="TRUE">FALSE</esritopo><efeacnt Sync="TRUE">0</efeacnt><spindex Sync="TRUE">TRUE</spindex><linrefer Sync="TRUE">FALSE</linrefer></esriterm></ptvctinf></spdoinfo>
	<spref>
		<horizsys>
			<planar>
				<planci>
					<plance Sync="TRUE">coordinate pair</plance>
					<coordrep>
						<absres Sync="TRUE">0.000000</absres>
						<ordres Sync="TRUE">0.000000</ordres>
					</coordrep>
					<plandu Sync="TRUE">meters</plandu>
				</planci>
			</planar>
			<geodetic>
				<horizdn Sync="TRUE">D_WGS_1984</horizdn>
				<ellips Sync="TRUE">WGS_1984</ellips>
				<semiaxis Sync="TRUE">6378137.000000</semiaxis>
				<denflat Sync="TRUE">298.257224</denflat>
			</geodetic>
			<cordsysn><geogcsn Sync="TRUE">GCS_WGS_1984</geogcsn><projcsn Sync="TRUE">WGS_1984_UTM_Zone_30N</projcsn></cordsysn></horizsys>
		<vertdef>
			<altsys>
				<altunits>meters</altunits>
			</altsys>
			<depthsys>
				<depthdu>meters</depthdu>
			</depthsys>
		</vertdef>
	</spref>
	<eainfo>
		<detailed Name="Ghana2012_const_bnd">
			<enttyp>
				<enttypl Sync="TRUE">Ghana2012_const_bnd</enttypl>
				<enttypd>Each polygon represent one of the 170 districts in Ghana</enttypd>
				<enttypds>CERSGIS</enttypds>
				<enttypt Sync="TRUE">Feature Class</enttypt><enttypc Sync="TRUE">0</enttypc></enttyp>
			<attr><attrlabl Sync="TRUE">OBJECTID</attrlabl><attalias Sync="TRUE">OBJECTID</attalias><attrtype Sync="TRUE">OID</attrtype><attwidth Sync="TRUE">4</attwidth><atprecis Sync="TRUE">0</atprecis><attscale Sync="TRUE">0</attscale><attrdef Sync="TRUE">Internal feature number.</attrdef><attrdefs Sync="TRUE">Esri</attrdefs><attrdomv><udom Sync="TRUE">Sequential unique whole numbers that are automatically generated.</udom></attrdomv></attr><attr>
				<attrlabl>Shape</attrlabl>
				<attrdef>Feature geometry.</attrdef>
				<attrdefs>ESRI</attrdefs>
				<attrdomv>
					<udom>Coordinates defining the features.</udom>
				</attrdomv>
				<attalias Sync="TRUE">Shape</attalias><attrtype Sync="TRUE">Geometry</attrtype><attwidth Sync="TRUE">0</attwidth><atprecis Sync="TRUE">0</atprecis><attscale Sync="TRUE">0</attscale></attr>
			<attr>
				<attrlabl>REGION</attrlabl>
				<attrdef>The region where the district is located</attrdef>
				<attrdefs>Local Government of Ghana</attrdefs>
				<attrmfrq>None planned</attrmfrq>
				<attalias Sync="TRUE">REGION</attalias><attrtype Sync="TRUE">String</attrtype><attwidth Sync="TRUE">25</attwidth><atprecis Sync="TRUE">0</atprecis><attscale Sync="TRUE">0</attscale></attr>
			<attr>
				<attrlabl>DISTRICT</attrlabl>
				<attrdef>Official name of the district</attrdef>
				<attrdefs>Local Government of Ghana</attrdefs>
				<attrmfrq>None planned</attrmfrq>
				<attalias Sync="TRUE">DISTRICT</attalias><attrtype Sync="TRUE">String</attrtype><attwidth Sync="TRUE">30</attwidth><atprecis Sync="TRUE">0</atprecis><attscale Sync="TRUE">0</attscale></attr>
			<attr><attrlabl Sync="TRUE">CONSTITUEN</attrlabl><attalias Sync="TRUE">CONSTITUEN</attalias><attrtype Sync="TRUE">String</attrtype><attwidth Sync="TRUE">50</attwidth><atprecis Sync="TRUE">0</atprecis><attscale Sync="TRUE">0</attscale></attr><attr><attrlabl Sync="TRUE">CONST_CODE</attrlabl><attalias Sync="TRUE">CONST_CODE</attalias><attrtype Sync="TRUE">String</attrtype><attwidth Sync="TRUE">50</attwidth><atprecis Sync="TRUE">0</atprecis><attscale Sync="TRUE">0</attscale></attr><attr><attrlabl Sync="TRUE">DIST_CAP</attrlabl><attalias Sync="TRUE">DIST_CAP</attalias><attrtype Sync="TRUE">String</attrtype><attwidth Sync="TRUE">50</attwidth><atprecis Sync="TRUE">0</atprecis><attscale Sync="TRUE">0</attscale></attr><attr><attrlabl Sync="TRUE">CONST_CAP</attrlabl><attalias Sync="TRUE">CONST_CAP</attalias><attrtype Sync="TRUE">String</attrtype><attwidth Sync="TRUE">50</attwidth><atprecis Sync="TRUE">0</atprecis><attscale Sync="TRUE">0</attscale></attr><attr><attrlabl Sync="TRUE">Shape_Length</attrlabl><attalias Sync="TRUE">Shape_Length</attalias><attrtype Sync="TRUE">Double</attrtype><attwidth Sync="TRUE">8</attwidth><atprecis Sync="TRUE">0</atprecis><attscale Sync="TRUE">0</attscale><attrdef Sync="TRUE">Length of feature in internal units.</attrdef><attrdefs Sync="TRUE">Esri</attrdefs><attrdomv><udom Sync="TRUE">Positive real numbers that are automatically generated.</udom></attrdomv></attr><attr><attrlabl Sync="TRUE">Shape_Area</attrlabl><attalias Sync="TRUE">Shape_Area</attalias><attrtype Sync="TRUE">Double</attrtype><attwidth Sync="TRUE">8</attwidth><atprecis Sync="TRUE">0</atprecis><attscale Sync="TRUE">0</attscale><attrdef Sync="TRUE">Area of feature in internal units squared.</attrdef><attrdefs Sync="TRUE">Esri</attrdefs><attrdomv><udom Sync="TRUE">Positive real numbers that are automatically generated.</udom></attrdomv></attr></detailed>
	</eainfo>
	<distinfo>
		<distrib>
			<cntinfo>
				<cntperp>
					<cntper>The Executive Director</cntper>
					<cntorg>CERSGIS</cntorg>
				</cntperp>
				<cntpos>Executive Director</cntpos>
				<cntaddr>
					<addrtype>mailing and physical address</addrtype>
					<address>PMB L17, University Of Ghana, Legon.</address>
					<city>Accra</city>
					<state>Greater Accra</state>
					<postal>+233</postal>
					<country>Ghana</country>
				</cntaddr>
				<cntvoice>+233-302-500301/+233-302-501796</cntvoice>
				<cntfax>+233-302-500310</cntfax>
				<cntemail>cersgis@ug.edu.gh</cntemail>
				<hours>8:30am to 5:00am</hours>
			</cntinfo>
		</distrib>
		<resdesc>This data is for viewing purposes ONLY. To acquire a copy of this file, please contact the distributor or contact persons listed in this file</resdesc>
		<distliab>See "Use Constraints"</distliab>
		<stdorder>
			<digform>
				<digtinfo>
					<formname>ArcGIS Shapefile</formname>
					<formvern>9.3</formvern>
					<transize>0.005</transize>
					<dssize Sync="TRUE">6.358</dssize></digtinfo>
			</digform>
		</stdorder>
	</distinfo>
	<metainfo>
		<metd Sync="TRUE">20120120</metd>
		<metc>
			<cntinfo>
				<cntperp>
					<cntper>Eric Kofi Forson</cntper>
					<cntorg>CERSGIS</cntorg>
				</cntperp>
				<cntpos>Applications Specialist</cntpos>
				<cntaddr>
					<addrtype>mailing and physical address</addrtype>
					<address>PMB L17, University of Ghana, Legon</address>
					<city>Accra</city>
					<state>Greater Accra</state>
					<country>Ghana</country>
					<postal>REQUIRED: The ZIP or other postal code of the address.</postal></cntaddr>
				<cntvoice>+233-302-500301/+233-302-501796</cntvoice>
				<cntfax>+233-302-500310</cntfax>
				<cntemail>erickforson@yahoo.com</cntemail>
			</cntinfo>
		</metc>
		<metstdn Sync="TRUE">FGDC Content Standards for Digital Geospatial Metadata</metstdn>
		<metstdv Sync="TRUE">FGDC-STD-001-1998</metstdv>
		<mettc Sync="TRUE">local time</mettc>
		<metac>None</metac>
		<metuc>None</metuc>
		<metextns>
			<onlink>http://www.cersgis.org/product&amp;services.html</onlink>
			<metprof>ESRI Metadata Profile</metprof>
		</metextns>
		<metextns>
			<onlink>http://www.esri.com/metadata/esriprof80.html</onlink>
			<metprof>ESRI Metadata Profile</metprof>
		</metextns>
		<langmeta Sync="TRUE">en</langmeta></metainfo>
	<Esri><CreaDate>20190219</CreaDate><CreaTime>11314200</CreaTime><SyncOnce>FALSE</SyncOnce><SyncDate>20150429</SyncDate><SyncTime>03452900</SyncTime><ModDate>20150429</ModDate><ModTime>03452900</ModTime><DataProperties><lineage><Process ToolSource="C:\Program Files\ArcGIS\Desktop10.0\ArcToolbox\Toolboxes\Data Management Tools.tbx\CalculateField" Date="20121007" Time="234031">CalculateField Ghana_District_Boundary DISTRICT !DISTRICT!.title() PYTHON_9.3 #</Process><Process ToolSource="C:\Program Files (x86)\ArcGIS\Desktop10.0\ArcToolbox\Toolboxes\Data Management Tools.tbx\CalculateField" Date="20121008" Time="092721">CalculateField "District Boundary" DISTRICT "Dormaa East" VB #</Process><Process ToolSource="C:\Program Files (x86)\ArcGIS\Desktop10.0\ArcToolbox\Toolboxes\Data Management Tools.tbx\CalculateField" Date="20121008" Time="093836">CalculateField "District Boundary" DISTRICT "Dormaa Municipal" VB #</Process><Process ToolSource="C:\Program Files\ArcGIS\Desktop10.0\ArcToolbox\Toolboxes\Data Management Tools.tbx\CalculateField" Date="20121009" Time="214232">CalculateField "Adjoining District" DISTRICT "Obuase Municipal" VB #</Process><Process ToolSource="C:\Program Files\ArcGIS\Desktop10.0\ArcToolbox\Toolboxes\Data Management Tools.tbx\CalculateField" Date="20121009" Time="214313">CalculateField "Adjoining District" DISTRICT "Adansi North" VB #</Process><Process ToolSource="C:\Program Files\ArcGIS\Desktop10.0\ArcToolbox\Toolboxes\Data Management Tools.tbx\CalculateField" Date="20121011" Time="194739">CalculateField "District Boundary" DISTRICT "Atwima Kwanwoma" VB #</Process><Process ToolSource="C:\Program Files\ArcGIS\Desktop10.0\ArcToolbox\Toolboxes\Data Management Tools.tbx\CalculateField" Date="20121012" Time="233715">CalculateField "District Boundary" DISTRICT "Offinso Municipal" VB #</Process><Process ToolSource="C:\Program Files (x86)\ArcGIS\Desktop10.0\ArcToolbox\Toolboxes\Data Management Tools.tbx\CalculateField" Date="20121013" Time="164538">CalculateField "District Boundary" DISTRICT "Sekyere South" VB #</Process><Process ToolSource="C:\Program Files (x86)\ArcGIS\Desktop10.0\ArcToolbox\Toolboxes\Data Management Tools.tbx\CalculateField" Date="20121014" Time="124821">CalculateField "District Boundary" DISTRICT "Awutu/Senya" VB #</Process><Process ToolSource="C:\Program Files\ArcGIS\Desktop10.0\ArcToolbox\Toolboxes\Data Management Tools.tbx\CalculateField" Date="20121017" Time="192103">CalculateField "Adjoining District" DISTRICT "Takoradi" VB #</Process><Process ToolSource="C:\Program Files\ArcGIS\Desktop10.0\ArcToolbox\Toolboxes\Data Management Tools.tbx\CalculateField" Date="20121017" Time="194720">CalculateField "District Boundary" DISTRICT "Shama" VB #</Process><Process ToolSource="C:\Program Files\ArcGIS\Desktop10.0\ArcToolbox\Toolboxes\Data Management Tools.tbx\CalculateField" Date="20121021" Time="185010">CalculateField "Adjoining District" DISTRICT "Kpone-Katamanso" VB #</Process><Process ToolSource="C:\Program Files\ArcGIS\Desktop10.0\ArcToolbox\Toolboxes\Data Management Tools.tbx\CalculateField" Date="20121026" Time="094143">CalculateField Ghana_District_Boundary DISTRICT "Weto" VB #</Process><Process ToolSource="c:\program files (x86)\arcgis\desktop10.1\ArcToolbox\Toolboxes\Data Management Tools.tbx\CalculateField" Date="20130108" Time="104040">CalculateField Ghana_District_Boundary DISTRICT "Ga West Municipal" VB #</Process><Process ToolSource="c:\program files (x86)\arcgis\desktop10.1\ArcToolbox\Toolboxes\Data Management Tools.tbx\CalculateField" Date="20130108" Time="105847">CalculateField Ghana_District_Boundary DISTRICT "East Gonja" VB #</Process><Process ToolSource="c:\program files (x86)\arcgis\desktop10.1\ArcToolbox\Toolboxes\Data Management Tools.tbx\CalculateField" Date="20130108" Time="114502">CalculateField Ghana_District_Boundary CAPITAL "Lambussie-Karni" VB #</Process><Process ToolSource="c:\program files (x86)\arcgis\desktop10.1\ArcToolbox\Toolboxes\Data Management Tools.tbx\CalculateField" Date="20130108" Time="121651">CalculateField Ghana_District_Boundary DISTRICT "Ho West" VB #</Process><Process ToolSource="c:\program files (x86)\arcgis\desktop10.1\ArcToolbox\Toolboxes\Data Management Tools.tbx\CalculateField" Date="20130108" Time="122934">CalculateField Ghana_District_Boundary DISTRICT "Juaboso" VB #</Process><Process ToolSource="c:\program files (x86)\arcgis\desktop10.1\ArcToolbox\Toolboxes\Data Management Tools.tbx\CalculateField" Date="20130817" Time="172131">CalculateField 2012_constituency_bnd_3 DIST_CAP [CAPITAL] VB #</Process><Process ToolSource="c:\program files (x86)\arcgis\desktop10.1\ArcToolbox\Toolboxes\Data Management Tools.tbx\CopyFeatures" Date="20131202" Time="084518">CopyFeatures "C:\ELECTORAL_COMMISSION\EC WEB\2012_constituency_bnd_new.shp" C:\n\Ghana_GIS\Ghana_Constituencies.gdb\_constituency_bnd_new_1 # 0 0 0</Process><Process ToolSource="c:\program files (x86)\arcgis\desktop10.1\ArcToolbox\Toolboxes\Data Management Tools.tbx\CopyFeatures" Date="20150429" Time="034530">CopyFeatures C:\n\Ghana_GIS\Ghana_Constituencies.gdb\Ghana2012_const_bnd C:\n\Ghana_GIS\Ghana-GIS.gdb\Ghana_Constituencies\Ghana2012_const_bnd # 0 0 0</Process></lineage><itemProps><itemLocation><linkage Sync="TRUE">file://\\ADMINRG-9OI2P06\E$\2017\GH-METADATA\GHANA-LAYERS\Administrative_Boundaries\Ghana_Constituency</linkage><protocol Sync="TRUE">Local Area Network</protocol></itemLocation><itemName Sync="TRUE">Ghana2012_const_bnd</itemName><imsContentType Sync="TRUE">002</imsContentType></itemProps><copyHistory><copy source="E:\2017\GH-METADATA\GHANA-LAYERS\Ghana_Constituency" dest="\\ADMINRG-9OI2P06\E$\2017\GH-METADATA\GHANA-LAYERS\Administrative_Boundaries\Ghana_Constituency" date="20190219" time="11314200"></copy></copyHistory><coordRef><type Sync="TRUE">Projected</type><geogcsn Sync="TRUE">GCS_WGS_1984</geogcsn><csUnits Sync="TRUE">Linear Unit: Meter (1.000000)</csUnits><projcsn Sync="TRUE">WGS_1984_UTM_Zone_30N</projcsn><peXml Sync="TRUE">&lt;ProjectedCoordinateSystem xsi:type='typens:ProjectedCoordinateSystem' xmlns:xsi='http://www.w3.org/2001/XMLSchema-instance' xmlns:xs='http://www.w3.org/2001/XMLSchema' xmlns:typens='http://www.esri.com/schemas/ArcGIS/10.1'&gt;&lt;WKT&gt;PROJCS[&amp;quot;WGS_1984_UTM_Zone_30N&amp;quot;,GEOGCS[&amp;quot;GCS_WGS_1984&amp;quot;,DATUM[&amp;quot;D_WGS_1984&amp;quot;,SPHEROID[&amp;quot;WGS_1984&amp;quot;,6378137.0,298.257223563]],PRIMEM[&amp;quot;Greenwich&amp;quot;,0.0],UNIT[&amp;quot;Degree&amp;quot;,0.0174532925199433]],PROJECTION[&amp;quot;Transverse_Mercator&amp;quot;],PARAMETER[&amp;quot;False_Easting&amp;quot;,500000.0],PARAMETER[&amp;quot;False_Northing&amp;quot;,0.0],PARAMETER[&amp;quot;Central_Meridian&amp;quot;,-3.0],PARAMETER[&amp;quot;Scale_Factor&amp;quot;,0.9996],PARAMETER[&amp;quot;Latitude_Of_Origin&amp;quot;,0.0],UNIT[&amp;quot;Meter&amp;quot;,1.0],AUTHORITY[&amp;quot;EPSG&amp;quot;,32630]]&lt;/WKT&gt;&lt;XOrigin&gt;-5120900&lt;/XOrigin&gt;&lt;YOrigin&gt;-9998100&lt;/YOrigin&gt;&lt;XYScale&gt;10000&lt;/XYScale&gt;&lt;ZOrigin&gt;-100000&lt;/ZOrigin&gt;&lt;ZScale&gt;10000&lt;/ZScale&gt;&lt;MOrigin&gt;-100000&lt;/MOrigin&gt;&lt;MScale&gt;10000&lt;/MScale&gt;&lt;XYTolerance&gt;0.001&lt;/XYTolerance&gt;&lt;ZTolerance&gt;0.001&lt;/ZTolerance&gt;&lt;MTolerance&gt;0.001&lt;/MTolerance&gt;&lt;HighPrecision&gt;true&lt;/HighPrecision&gt;&lt;WKID&gt;32630&lt;/WKID&gt;&lt;LatestWKID&gt;32630&lt;/LatestWKID&gt;&lt;/ProjectedCoordinateSystem&gt;</peXml></coordRef></DataProperties><ArcGISFormat>1.0</ArcGISFormat></Esri><dataIdInfo><envirDesc Sync="TRUE"> Version 6.2 (Build 9200) ; Esri ArcGIS 10.1.0.3035</envirDesc><dataLang><languageCode Sync="TRUE" value="eng"></languageCode><countryCode value="USA" Sync="TRUE"></countryCode></dataLang><idCitation><resTitle Sync="TRUE">Ghana2012_const_bnd</resTitle><presForm><PresFormCd Sync="TRUE" value="005"></PresFormCd></presForm></idCitation><spatRpType><SpatRepTypCd Sync="TRUE" value="001"></SpatRepTypCd></spatRpType><dataExt><geoEle><GeoBndBox esriExtentType="native"><westBL Sync="TRUE">471024.728674</westBL><eastBL Sync="TRUE">964932.488923</eastBL><northBL Sync="TRUE">1236529.329463</northBL><southBL Sync="TRUE">523860.919122</southBL><exTypeCode Sync="TRUE">1</exTypeCode></GeoBndBox></geoEle></dataExt><geoBox esriExtentType="decdegrees"><westBL Sync="TRUE">-3.265401</westBL><eastBL Sync="TRUE">1.254518</eastBL><northBL Sync="TRUE">11.185852</northBL><southBL Sync="TRUE">4.726739</southBL><exTypeCode Sync="TRUE">1</exTypeCode></geoBox></dataIdInfo><mdLang><languageCode Sync="TRUE" value="eng"></languageCode><countryCode value="USA" Sync="TRUE"></countryCode></mdLang><mdStanName Sync="TRUE">ISO 19115 Geographic Information - Metadata</mdStanName><mdStanVer Sync="TRUE">DIS_ESRI1.0</mdStanVer><mdChar><CharSetCd Sync="TRUE" value="004"></CharSetCd></mdChar><mdHrLv><ScopeCd Sync="TRUE" value="005"></ScopeCd></mdHrLv><mdHrLvName Sync="TRUE">dataset</mdHrLvName><distInfo><distributor><distorTran><onLineSrc><orDesc Sync="TRUE">002</orDesc><linkage Sync="TRUE">file://\\GYEABOUR\C$\ELECTORAL_COMMISSION\Shapefiles\District_Boundary</linkage><protocol Sync="TRUE">Local Area Network</protocol></onLineSrc><transSize Sync="TRUE">6.358</transSize></distorTran><distorFormat><formatName Sync="TRUE">Shapefile</formatName></distorFormat></distributor><distFormat><formatName Sync="TRUE">File Geodatabase Feature Class</formatName></distFormat></distInfo><refSysInfo><RefSystem><refSysID><identCode Sync="TRUE" value="32630">WGS_1984_UTM_Zone_30N</identCode><idCodeSpace Sync="TRUE">EPSG</idCodeSpace><idVersion Sync="TRUE">7.9.4</idVersion></refSysID></RefSystem></refSysInfo><spatRepInfo><VectSpatRep><geometObjs Name="Ghana2012_const_bnd"><geoObjTyp><GeoObjTypCd value="002" Sync="TRUE"></GeoObjTypCd></geoObjTyp><geoObjCnt Sync="TRUE">0</geoObjCnt></geometObjs><topLvl><TopoLevCd value="001" Sync="TRUE"></TopoLevCd></topLvl></VectSpatRep></spatRepInfo><mdDateSt Sync="TRUE">20150429</mdDateSt></metadata>
